-- user_account 30개
insert into user_account (user_id, user_password, email, nickname, memo, created_at, created_by, modified_at, modified_by) values ('Florence', 'uhwzf832/!l', 'gtynemouth0@skype.com', 'Dewitt', 'Etiam pretium iaculis justo.', '2024-01-01 14:45:36', 'Reagan', '2023-10-31 19:59:05', 'Guillermo');
insert into user_account (user_id, user_password, email, nickname, memo, created_at, created_by, modified_at, modified_by) values ('Arni', 'pvoou960/*N`6uHj>jC', 'wbarszczewski1@apache.org', 'Rikki', 'Fusce lacus purus, aliquet at, feugiat non, pretium quis, lectus.', '2023-12-17 11:22:39', 'Broderic', '2023-03-26 21:32:23', 'Wendie');
insert into user_account (user_id, user_password, email, nickname, memo, created_at, created_by, modified_at, modified_by) values ('Dalis', 'tjzsy427@&Xw4e8%,kp)', 'ssigsworth2@who.int', 'Boote', 'Vivamus metus arcu, adipiscing molestie, hendrerit at, vulputate vitae, nisl.', '2023-12-27 10:52:32', 'Renaud', '2023-12-20 10:23:28', 'Skipp');
insert into user_account (user_id, user_password, email, nickname, memo, created_at, created_by, modified_at, modified_by) values ('Oby', 'bnqtz873(+_9J#Rb0=Xi', 'dschaffler3@utexas.edu', 'Aleece', 'Sed accumsan felis.', '2023-08-16 01:38:38', 'Louise', '2023-05-11 00:54:46', 'Dunstan');
insert into user_account (user_id, user_password, email, nickname, memo, created_at, created_by, modified_at, modified_by) values ('Rowe', 'oiwwz794(}5S,~=xrtn', 'gattlee4@phoca.cz', 'Cale', 'Vestibulum ante ipsum primis in faucibus orci luctus et ultrices posuere cubilia Curae; Nulla dapibus dolor vel est.', '2023-09-20 15:27:04', 'Godfry', '2023-06-13 13:02:28', 'Gussie');
insert into user_account (user_id, user_password, email, nickname, memo, created_at, created_by, modified_at, modified_by) values ('Quincy', 'kqmvo030}~_K', 'kwincom5@dell.com', 'Hillery', 'Nam nulla.', '2023-07-14 07:25:42', 'Koressa', '2023-07-21 00:26:48', 'Kyle');
insert into user_account (user_id, user_password, email, nickname, memo, created_at, created_by, modified_at, modified_by) values ('Gallard', 'arvkg403}.3', 'dplayfoot6@parallels.com', 'Enrico', 'Donec diam neque, vestibulum eget, vulputate ut, ultrices vel, augue.', '2023-08-10 13:43:13', 'Mariellen', '2023-12-08 18:46:28', 'Davy');
insert into user_account (user_id, user_password, email, nickname, memo, created_at, created_by, modified_at, modified_by) values ('Jemmy', 'xriyb352|>Vy', 'jlankester7@slashdot.org', 'Mile', 'Suspendisse potenti.', '2023-07-01 00:26:45', 'Kristen', '2023-02-04 14:13:57', 'Jaime');
insert into user_account (user_id, user_password, email, nickname, memo, created_at, created_by, modified_at, modified_by) values ('Derwin', 'gboue391|}2NG}{\9L%(', 'avergine8@ucla.edu', 'Prue', 'Donec quis orci eget orci vehicula condimentum.', '2023-12-09 06:54:47', 'Shantee', '2023-03-18 02:23:08', 'Ann');
insert into user_account (user_id, user_password, email, nickname, memo, created_at, created_by, modified_at, modified_by) values ('Janek', 'zfyue429|+''{|', 'pgorgen9@psu.edu', 'Pauli', 'Sed ante.', '2023-08-25 17:05:55', 'Culley', '2023-02-10 20:27:43', 'Pierson');
insert into user_account (user_id, user_password, email, nickname, memo, created_at, created_by, modified_at, modified_by) values ('Lianna', 'ggjtw155_''aP', 'cslorancea@hud.gov', 'Colby', 'Nulla tempus.', '2023-11-30 08:43:09', 'Carol', '2023-06-15 16:58:54', 'Cirstoforo');
insert into user_account (user_id, user_password, email, nickname, memo, created_at, created_by, modified_at, modified_by) values ('Kala', 'jeomg407#>k3hV*`70', 'amandrakeb@github.io', 'Fernando', 'Duis bibendum, felis sed interdum venenatis, turpis enim blandit mi, in porttitor pede justo eu massa.', '2023-08-10 22:35:16', 'Andrea', '2023-02-18 17:35:47', 'Adella');
insert into user_account (user_id, user_password, email, nickname, memo, created_at, created_by, modified_at, modified_by) values ('Arliene', 'vrzuf535''(O&v/sq', 'jdurbridgec@soup.io', 'Eugenio', 'Nunc nisl.', '2023-11-05 07:15:53', 'Freda', '2023-05-01 18:59:48', 'Jonie');
insert into user_account (user_id, user_password, email, nickname, memo, created_at, created_by, modified_at, modified_by) values ('Evered', 'dfmiz207_{1MvxCkJ', 'emcdilld@wikispaces.com', 'Meryl', 'Donec diam neque, vestibulum eget, vulputate ut, ultrices vel, augue.', '2023-11-10 16:56:12', 'Gavan', '2023-07-18 15:06:42', 'Eloisa');
insert into user_account (user_id, user_password, email, nickname, memo, created_at, created_by, modified_at, modified_by) values ('Worden', 'uuxeh318}}mpu', 'wsideye@trellian.com', 'Taddeusz', 'Phasellus sit amet erat.', '2023-11-15 05:31:38', 'Hallsy', '2023-04-19 15:59:25', 'Wiatt');
insert into user_account (user_id, user_password, email, nickname, memo, created_at, created_by, modified_at, modified_by) values ('Neala', 'znats558+$yJ1@#', 'kfurtadof@qq.com', 'Thaddeus', 'Vestibulum quam sapien, varius ut, blandit non, interdum in, ante.', '2023-04-26 14:46:28', 'Mikaela', '2023-05-20 12:01:57', 'Kristi');
insert into user_account (user_id, user_password, email, nickname, memo, created_at, created_by, modified_at, modified_by) values ('Bink', 'hxxrw718"|hX@{', 'badneyg@smh.com.au', 'Marla', 'Suspendisse potenti.', '2023-02-17 23:54:47', 'Ruperto', '2023-03-02 12:26:06', 'Burl');
insert into user_account (user_id, user_password, email, nickname, memo, created_at, created_by, modified_at, modified_by) values ('Halsey', 'ayxuu694/}Wm?J{o', 'cwardleh@goodreads.com', 'Dalston', 'Fusce posuere felis sed lacus.', '2023-04-11 04:35:59', 'Baxy', '2023-11-20 02:06:37', 'Chiquita');
insert into user_account (user_id, user_password, email, nickname, memo, created_at, created_by, modified_at, modified_by) values ('Jermaine', 'dwair664*!!|tu+cWcs', 'gguiraudi@delicious.com', 'Norry', 'Suspendisse potenti.', '2023-10-31 12:10:38', 'Lisette', '2023-09-02 01:38:15', 'Genny');
insert into user_account (user_id, user_password, email, nickname, memo, created_at, created_by, modified_at, modified_by) values ('Melita', 'xpytt574\@w|b', 'rtosdevinj@dedecms.com', 'Grace', 'Nulla tempus.', '2023-06-19 15:05:17', 'Derrik', '2024-01-01 06:18:27', 'Rudolph');
insert into user_account (user_id, user_password, email, nickname, memo, created_at, created_by, modified_at, modified_by) values ('Joaquin', 'yqrwt194_<KZef>q"M!{', 'bmavenk@youtube.com', 'Dene', 'Suspendisse potenti.', '2023-06-28 13:38:27', 'Bonny', '2023-10-03 01:13:51', 'Beatrice');
insert into user_account (user_id, user_password, email, nickname, memo, created_at, created_by, modified_at, modified_by) values ('Tanitansy', 'arpvv481_<S/~Q2C(s', 'spersickel@behance.net', 'Mandel', 'Maecenas pulvinar lobortis est.', '2023-08-23 18:19:31', 'Sergent', '2023-10-10 07:56:32', 'Sharline');
insert into user_account (user_id, user_password, email, nickname, memo, created_at, created_by, modified_at, modified_by) values ('Mahalia', 'oyunm741{~l#Du', 'aculloteym@dion.ne.jp', 'Romain', 'In hac habitasse platea dictumst.', '2023-03-15 15:06:10', 'Anny', '2023-08-01 03:16:16', 'Anni');
insert into user_account (user_id, user_password, email, nickname, memo, created_at, created_by, modified_at, modified_by) values ('Keslie', 'ovnjg156{$!UD', 'pgerholdn@marketwatch.com', 'Maximilianus', 'Proin interdum mauris non ligula pellentesque ultrices.', '2023-02-11 04:49:20', 'Lilias', '2023-10-19 11:51:07', 'Penny');
insert into user_account (user_id, user_password, email, nickname, memo, created_at, created_by, modified_at, modified_by) values ('Tedd', 'lvffn096*,Js', 'vsappyo@shutterfly.com', 'Gilda', 'Pellentesque at nulla.', '2023-05-10 01:20:59', 'Aymer', '2023-08-08 11:13:19', 'Valina');
insert into user_account (user_id, user_password, email, nickname, memo, created_at, created_by, modified_at, modified_by) values ('Tobias', 'gbnph252@!q', 'bdagleasp@addthis.com', 'Stefanie', 'In blandit ultrices enim.', '2023-08-23 15:24:12', 'Rosy', '2023-10-12 20:26:56', 'Benedict');
insert into user_account (user_id, user_password, email, nickname, memo, created_at, created_by, modified_at, modified_by) values ('Mathe', 'rchti591,!''i*', 'onetleyq@ocn.ne.jp', 'Donnie', 'Aliquam non mauris.', '2023-03-12 05:08:05', 'Florida', '2023-10-28 00:33:54', 'Oriana');
insert into user_account (user_id, user_password, email, nickname, memo, created_at, created_by, modified_at, modified_by) values ('Dionis', 'wnrka760#<U~', 'nburfootr@thetimes.co.uk', 'Elsworth', 'Nulla justo.', '2023-06-30 10:58:47', 'Ernestine', '2023-04-03 04:02:02', 'Nickolas');
insert into user_account (user_id, user_password, email, nickname, memo, created_at, created_by, modified_at, modified_by) values ('Marja', 'dulqs496+>EXgaNov', 'afaithfulls@google.com', 'Merrick', 'Pellentesque ultrices mattis odio.', '2023-08-29 12:59:26', 'Lek', '2023-07-28 04:13:58', 'Anica');
insert into user_account (user_id, user_password, email, nickname, memo, created_at, created_by, modified_at, modified_by) values ('Florry', 'kwfpm317?&NNvt"HX', 'jlindgrent@oaic.gov.au', 'Georgiana', 'Praesent lectus.', '2023-01-30 08:36:57', 'Druci', '2023-01-14 19:24:08', 'Jackquelin');


-- chat_room 30개
insert into chat_room (id, user_account_user_id, password, title, created_at, created_by, modified_at, modified_by) values (1, 'Florence', 'xfrti772|\9RUL', 'Aliquam erat volutpat.', '2023-06-15 03:17:19', 'Karna', '2023-06-15 19:48:54', 'Dominichetti');
insert into chat_room (id, user_account_user_id, password, title, created_at, created_by, modified_at, modified_by) values (2, 'Arni', 'kydwi033{*3)bLb3', 'Duis aliquam convallis nunc.', '2023-03-21 01:56:46', 'Ripley', '2023-07-26 09:52:05', 'Doorbar');
insert into chat_room (id, user_account_user_id, password, title, created_at, created_by, modified_at, modified_by) values (3, 'Dalis', 'hbxda224}"7ALjR))', 'Donec ut dolor. Morbi vel.', '2023-07-21 12:23:41', 'Glori', '2024-01-02 04:19:32', 'Skirven');
insert into chat_room (id, user_account_user_id, password, title, created_at, created_by, modified_at, modified_by) values (4, 'Oby', 'xehyz597(".SX3', 'Aenean sit amet justo.', '2023-12-06 16:02:31', 'Carol-jean', '2023-03-30 06:20:44', 'Goodram');
insert into chat_room (id, user_account_user_id, password, title, created_at, created_by, modified_at, modified_by) values (5, 'Rowe', 'dadlo420(#Ao0EN}bA,', 'Morbi quis tortor id nulla ultrices aliquet.', '2023-05-18 01:14:28', 'Rosemonde', '2023-10-01 23:08:22', 'Labat');
insert into chat_room (id, user_account_user_id, password, title, created_at, created_by, modified_at, modified_by) values (6, 'Quincy', 'xltbg750.?''a/.', 'Morbi vestibulum, velit id pretium iaculis', '2023-11-21 23:11:17', 'Keri', '2023-09-14 09:12:56', 'Neicho');
insert into chat_room (id, user_account_user_id, password, title, created_at, created_by, modified_at, modified_by) values (7, 'Gallard', 'adygg978`}fq', 'Nulla justo. Aliquam quis turpis eget', '2023-08-17 00:53:18', 'Cara', '2023-04-07 22:07:59', 'Tacey');
insert into chat_room (id, user_account_user_id, password, title, created_at, created_by, modified_at, modified_by) values (8, 'Jemmy', 'lwkmj006{#XL!5$x', 'Maecenas tincidunt lacus at velit.', '2023-07-11 10:48:06', 'Trixy', '2023-03-19 03:13:20', 'Creaser');
insert into chat_room (id, user_account_user_id, password, title, created_at, created_by, modified_at, modified_by) values (9, 'Derwin', 'ofxge202~>?tmExYq8r.', 'Integer non velit. Donec diam neque.', '2023-05-08 14:04:22', 'Lion', '2023-09-23 20:34:09', 'Farrears');
insert into chat_room (id, user_account_user_id, password, title, created_at, created_by, modified_at, modified_by) values (10, 'Janek', 'bimsq564_#c$<mdCK3zn', 'Morbi odio odio, elementum eu.', '2023-02-10 17:59:53', 'Millicent', '2023-07-05 07:23:43', 'Ostick');
insert into chat_room (id, user_account_user_id, password, title, created_at, created_by, modified_at, modified_by) values (11, 'Lianna', 'ownev691<)eI$AH@rw1U', 'Maecenas tincidunt lacus at velit.', '2023-03-28 03:31:14', 'Benji', '2023-10-16 19:01:18', 'Targe');
insert into chat_room (id, user_account_user_id, password, title, created_at, created_by, modified_at, modified_by) values (12, 'Kala', 'qkvhv425(?1Z2&C1cwB', 'Morbi sem mauris, laoreet ut. Nam congue, risus semper porta volutpat, quam pede lobortis ligula, sit amet eleifend pede libero quis orci.', '2023-08-24 15:18:20', 'Marilin', '2023-12-25 19:20:03', 'Calcraft');
insert into chat_room (id, user_account_user_id, password, title, created_at, created_by, modified_at, modified_by) values (13, 'Arliene', 'wbyid672)_.DHWK`', 'In tempor, turpis nec euismod.', '2023-09-03 01:52:23', 'Wilbur', '2024-01-04 21:26:01', 'Stickins');
insert into chat_room (id, user_account_user_id, password, title, created_at, created_by, modified_at, modified_by) values (14, 'Evered', 'gibde525=<IXY', 'Nunc rhoncus dui vel sem. Sed sagittis.', '2023-02-02 07:08:07', 'Phylis', '2023-03-04 06:51:05', 'Norster');
insert into chat_room (id, user_account_user_id, password, title, created_at, created_by, modified_at, modified_by) values (15, 'Worden', 'xiulf472{,e''Y', 'Maecenas rhoncus aliquam lacus..', '2023-01-20 17:48:35', 'Jose', '2023-12-31 18:56:14', 'Langmuir');
insert into chat_room (id, user_account_user_id, password, title, created_at, created_by, modified_at, modified_by) values (16, 'Neala', 'ggyhj213?+!jH7{a', 'Nullam varius. Nulla facilisi.', '2023-12-07 12:31:16', 'Barnard', '2023-02-06 02:25:48', 'Geach');
insert into chat_room (id, user_account_user_id, password, title, created_at, created_by, modified_at, modified_by) values (17, 'Bink', 'eqhix339_@21}', 'Phasellus id sapien in.', '2023-09-19 07:15:08', 'Edlin', '2023-10-22 21:24:54', 'Romain');
insert into chat_room (id, user_account_user_id, password, title, created_at, created_by, modified_at, modified_by) values (18, 'Halsey', 'zniti596$|J>Q=', 'Morbi non quam nec dui. In sagittis dui vel nisl. Duis ac nibh. Fusce lacus purus, aliquet at, feugiat non, pretium quis, lectus.', '2023-03-24 01:53:33', 'Wilek', '2023-06-16 19:48:40', 'Bastock');
insert into chat_room (id, user_account_user_id, password, title, created_at, created_by, modified_at, modified_by) values (19, 'Jermaine', 'uplom030''+gsZC+', 'Ut tellus. Nulla ut erat.', '2023-11-19 08:57:43', 'Raf', '2023-01-16 12:05:47', 'Fallows');
insert into chat_room (id, user_account_user_id, password, title, created_at, created_by, modified_at, modified_by) values (20, 'Melita', 'nbsqh418!''2Bz0', 'Donec semper sapien a libero.', '2024-01-06 00:27:51', 'Sorcha', '2023-05-20 15:02:27', 'Toll');
insert into chat_room (id, user_account_user_id, password, title, created_at, created_by, modified_at, modified_by) values (21, 'Joaquin', 'csdxy107''+Ty=3aM', 'Duis ac nibh.', '2023-07-11 17:36:20', 'Mechelle', '2023-07-27 16:03:41', 'McMenamy');
insert into chat_room (id, user_account_user_id, password, title, created_at, created_by, modified_at, modified_by) values (22, 'Tanitansy', 'tulth044<$4*d', 'In tempor, turpis nec.', '2023-07-28 20:55:45', 'Horton', '2023-04-12 04:14:35', 'Yves');
insert into chat_room (id, user_account_user_id, password, title, created_at, created_by, modified_at, modified_by) values (23, 'Mahalia', 'mqvia216+|r4', 'Maecenas leo odio, condimentum.', '2023-12-13 22:17:13', 'Marcie', '2023-10-26 04:56:37', 'Jeger');
insert into chat_room (id, user_account_user_id, password, title, created_at, created_by, modified_at, modified_by) values (24, 'Keslie', 'ffveu050?++R@Tz', 'Vivamus in felis eu sapien.', '2023-07-13 10:49:20', 'Robinia', '2023-02-04 03:41:57', 'Brownrigg');
insert into chat_room (id, user_account_user_id, password, title, created_at, created_by, modified_at, modified_by) values (25, 'Tedd', 'whjyc842=?.Hw\>Wt.!', 'Nulla justo. Aliquam quis.', '2023-07-15 21:44:59', 'Raine', '2023-12-25 09:30:19', 'Fiddeman');
insert into chat_room (id, user_account_user_id, password, title, created_at, created_by, modified_at, modified_by) values (26, 'Tobias', 'pfunm957`#>1E', 'Morbi vel lectus in quam fringilla.', '2023-10-11 21:54:30', 'Sherman', '2023-07-28 15:12:14', 'Syer');
insert into chat_room (id, user_account_user_id, password, title, created_at, created_by, modified_at, modified_by) values (27, 'Mathe', 'yblzo837!''k', 'Quisque arcu libero, rutrum ac.', '2023-02-13 17:19:07', 'Enrica', '2023-04-13 18:00:03', 'Bortolussi');
insert into chat_room (id, user_account_user_id, password, title, created_at, created_by, modified_at, modified_by) values (28, 'Dionis', 'ngimq247~/uf"re<9cH', 'Quisque porta volutpat.', '2023-02-07 14:50:21', 'Woodie', '2023-04-11 04:48:09', 'Sissel');
insert into chat_room (id, user_account_user_id, password, title, created_at, created_by, modified_at, modified_by) values (29, 'Marja', 'cnhkm931<_r}57<P|Z~', 'Pellentesque eget nunc.', '2023-05-10 12:42:35', 'Towny', '2023-10-04 15:08:57', 'Meechan');
insert into chat_room (id, user_account_user_id, password, title, created_at, created_by, modified_at, modified_by) values (30, 'Florry', 'humkn220($*VK\<&5B', 'Suspendisse ornare consequat.', '2023-02-09 22:11:28', 'Aluin', '2023-03-20 21:23:41', 'Renyard');

-- chat_comment 30개
insert into chat_comment (id, chat_room_id, user_account_user_id, content, parent_comment_id, created_at, created_by, modified_at, modified_by) values (1, 1, 'Florence', 'Phasellus sit amet erat. Nulla tempus.', null, '2023-04-16 15:38:29', 'Guinna', '2023-02-19 01:13:27', 'Melloney');
insert into chat_comment (id, chat_room_id, user_account_user_id, content, parent_comment_id, created_at, created_by, modified_at, modified_by) values (2, 2, 'Arni', 'Morbi sem mauris, laoreet ut, rhoncus aliquet, pulvinar sed, nisl. Nunc rhoncus dui vel sem. Sed sagittis. Nam congue, risus semper porta volutpat, quam pede lobortis ligula, sit amet eleifend pede libero quis orci.', null, '2023-04-19 08:04:50', 'Herbert', '2023-10-22 10:23:18', 'Gayla');
insert into chat_comment (id, chat_room_id, user_account_user_id, content, parent_comment_id, created_at, created_by, modified_at, modified_by) values (3, 3, 'Dalis', 'Cum sociis natoque penatibus et magnis dis parturient montes, nascetur ridiculus mus. Vivamus vestibulum sagittis sapien.', null, '2024-01-10 03:42:21', 'Zita', '2023-08-02 08:40:29', 'Gannie');
insert into chat_comment (id, chat_room_id, user_account_user_id, content, parent_comment_id, created_at, created_by, modified_at, modified_by) values (4, 4, 'Oby', 'Aenean auctor gravida sem. Praesent id massa id nisl venenatis lacinia. Aenean sit amet justo. Morbi ut odio.', null, '2023-09-05 14:33:38', 'Germain', '2023-08-31 01:40:46', 'Faydra');
insert into chat_comment (id, chat_room_id, user_account_user_id, content, parent_comment_id, created_at, created_by, modified_at, modified_by) values (5, 5, 'Rowe', 'Fusce congue, diam id ornare imperdiet, sapien urna pretium nisl, ut volutpat sapien arcu sed augue.', null, '2024-01-10 17:57:03', 'Onofredo', '2023-03-29 00:24:47', 'Billy');
insert into chat_comment (id, chat_room_id, user_account_user_id, content, parent_comment_id, created_at, created_by, modified_at, modified_by) values (6, 6, 'Quincy', 'Nulla mollis molestie lorem.', null, '2023-09-26 17:02:07', 'Agnella', '2023-08-05 18:11:56', 'Janka');
insert into chat_comment (id, chat_room_id, user_account_user_id, content, parent_comment_id, created_at, created_by, modified_at, modified_by) values (7, 7, 'Gallard', 'Nullam orci pede, venenatis non, sodales sed, tincidunt eu, felis. Fusce posuere felis sed lacus. Morbi sem mauris, laoreet ut, rhoncus aliquet, pulvinar sed, nisl. Nunc rhoncus dui vel sem. Sed sagittis.', null, '2023-05-12 23:35:18', 'Dorothy', '2023-02-19 07:53:21', 'Noelyn');
insert into chat_comment (id, chat_room_id, user_account_user_id, content, parent_comment_id, created_at, created_by, modified_at, modified_by) values (8, 8, 'Jemmy', 'Etiam justo. Etiam pretium iaculis justo. In hac habitasse platea dictumst. Etiam faucibus cursus urna. Ut tellus.', null, '2023-04-14 06:22:25', 'Burg', '2024-01-03 02:13:45', 'Miriam');
insert into chat_comment (id, chat_room_id, user_account_user_id, content, parent_comment_id, created_at, created_by, modified_at, modified_by) values (9, 9, 'Derwin', 'Curabitur in libero ut massa volutpat convallis. Morbi odio odio, elementum eu, interdum eu, tincidunt in, leo. Maecenas pulvinar lobortis est. Phasellus sit amet erat.', null, '2023-09-12 07:14:26', 'Korella', '2023-01-16 07:21:48', 'Zilvia');
insert into chat_comment (id, chat_room_id, user_account_user_id, content, parent_comment_id, created_at, created_by, modified_at, modified_by) values (10, 10, 'Janek', 'Phasellus in felis. Donec semper sapien a libero. Nam dui. Proin leo odio, porttitor id, consequat in, consequat ut, nulla. Sed accumsan felis.', null, '2023-07-31 02:53:37', 'Raquel', '2023-10-06 04:17:46', 'Correy');
insert into chat_comment (id, chat_room_id, user_account_user_id, content, parent_comment_id, created_at, created_by, modified_at, modified_by) values (11, 11, 'Lianna', 'In est risus, auctor sed, tristique in, tempus sit amet, sem. Fusce consequat. Nulla nisl. Nunc nisl.', null, '2023-07-28 11:24:22', 'Alphonse', '2023-03-22 11:21:23', 'Tye');
insert into chat_comment (id, chat_room_id, user_account_user_id, content, parent_comment_id, created_at, created_by, modified_at, modified_by) values (12, 12, 'Kala', 'Proin risus.', null, '2023-10-23 15:15:16', 'Rozanne', '2023-03-01 18:02:18', 'Francyne');
insert into chat_comment (id, chat_room_id, user_account_user_id, content, parent_comment_id, created_at, created_by, modified_at, modified_by) values (13, 13, 'Arliene', 'Sed ante. Vivamus tortor. Duis mattis egestas metus. Aenean fermentum. Donec ut mauris eget massa tempor convallis.', null, '2023-02-04 09:58:31', 'Wilhelmine', '2023-08-06 10:03:40', 'Jourdan');
insert into chat_comment (id, chat_room_id, user_account_user_id, content, parent_comment_id, created_at, created_by, modified_at, modified_by) values (14, 14, 'Evered', 'Proin interdum mauris non ligula pellentesque ultrices. Phasellus id sapien in sapien iaculis congue. Vivamus metus arcu, adipiscing molestie, hendrerit at, vulputate vitae, nisl.', null, '2023-10-27 12:55:56', 'Jana', '2023-10-08 20:02:21', 'Anneliese');
insert into chat_comment (id, chat_room_id, user_account_user_id, content, parent_comment_id, created_at, created_by, modified_at, modified_by) values (15, 15, 'Worden', 'Integer a nibh. In quis justo. Maecenas rhoncus aliquam lacus. Morbi quis tortor id nulla ultrices aliquet.', null, '2023-11-20 08:24:28', 'Hyatt', '2023-05-02 13:03:47', 'Denys');
insert into chat_comment (id, chat_room_id, user_account_user_id, content, parent_comment_id, created_at, created_by, modified_at, modified_by) values (16, 16, 'Neala', 'Praesent lectus. Vestibulum quam sapien, varius ut, blandit non, interdum in, ante. Vestibulum ante ipsum primis in faucibus orci luctus et ultrices posuere cubilia Curae; Duis faucibus accumsan odio. Curabitur convallis.', null, '2023-11-15 12:12:07', 'Trent', '2024-01-14 02:03:10', 'Briny');
insert into chat_comment (id, chat_room_id, user_account_user_id, content, parent_comment_id, created_at, created_by, modified_at, modified_by) values (17, 17, 'Bink', 'Aenean auctor gravida sem. Praesent id massa id nisl venenatis lacinia. Aenean sit amet justo. Morbi ut odio.', null, '2023-01-22 03:40:20', 'Greggory', '2023-06-19 06:32:16', 'Shelia');
insert into chat_comment (id, chat_room_id, user_account_user_id, content, parent_comment_id, created_at, created_by, modified_at, modified_by) values (18, 18, 'Halsey', 'Donec semper sapien a libero. Nam dui. Proin leo odio, porttitor id, consequat in, consequat ut, nulla. Sed accumsan felis. Ut at dolor quis odio consequat varius.', null, '2023-01-23 21:06:33', 'Garek', '2023-09-29 12:30:23', 'Kira');
insert into chat_comment (id, chat_room_id, user_account_user_id, content, parent_comment_id, created_at, created_by, modified_at, modified_by) values (19, 19, 'Jermaine', 'Quisque porta volutpat erat. Quisque erat eros, viverra eget, congue eget, semper rutrum, nulla. Nunc purus. Phasellus in felis.', null, '2023-01-30 13:39:24', 'Hedy', '2023-02-02 21:08:11', 'Matilda');
insert into chat_comment (id, chat_room_id, user_account_user_id, content, parent_comment_id, created_at, created_by, modified_at, modified_by) values (20, 20, 'Melita', 'Fusce posuere felis sed lacus. Morbi sem mauris, laoreet ut, rhoncus aliquet, pulvinar sed, nisl. Nunc rhoncus dui vel sem. Sed sagittis. Nam congue, risus semper porta volutpat, quam pede lobortis ligula, sit amet eleifend pede libero quis orci.', null, '2023-09-06 08:02:32', 'Durward', '2023-07-29 04:51:35', 'Errol');
insert into chat_comment (id, chat_room_id, user_account_user_id, content, parent_comment_id, created_at, created_by, modified_at, modified_by) values (21, 21, 'Joaquin', 'Nulla ut erat id mauris vulputate elementum. Nullam varius.', null, '2023-11-23 08:48:16', 'Windy', '2023-10-25 22:17:51', 'Joane');
insert into chat_comment (id, chat_room_id, user_account_user_id, content, parent_comment_id, created_at, created_by, modified_at, modified_by) values (22, 22, 'Tanitansy', 'Praesent blandit. Nam nulla. Integer pede justo, lacinia eget, tincidunt eget, tempus vel, pede.', null, '2023-08-31 11:47:30', 'Glennis', '2023-10-06 16:55:21', 'Neall');
insert into chat_comment (id, chat_room_id, user_account_user_id, content, parent_comment_id, created_at, created_by, modified_at, modified_by) values (23, 23, 'Mahalia', 'Praesent id massa id nisl venenatis lacinia. Aenean sit amet justo. Morbi ut odio. Cras mi pede, malesuada in, imperdiet et, commodo vulputate, justo. In blandit ultrices enim.', null, '2024-01-07 17:26:48', 'Dorelia', '2023-07-14 06:32:53', 'Elfrida');
insert into chat_comment (id, chat_room_id, user_account_user_id, content, parent_comment_id, created_at, created_by, modified_at, modified_by) values (24, 24, 'Keslie', 'Integer a nibh.', null, '2023-10-06 19:19:38', 'Olympia', '2023-07-05 05:30:07', 'Pearl');
insert into chat_comment (id, chat_room_id, user_account_user_id, content, parent_comment_id, created_at, created_by, modified_at, modified_by) values (25, 25, 'Tedd', 'Maecenas tristique, est et tempus semper, est quam pharetra magna, ac consequat metus sapien ut nunc.', null, '2023-04-19 06:07:58', 'Annnora', '2023-01-21 18:09:19', 'Whitby');
insert into chat_comment (id, chat_room_id, user_account_user_id, content, parent_comment_id, created_at, created_by, modified_at, modified_by) values (26, 26, 'Tobias', 'Curabitur in libero ut massa volutpat convallis. Morbi odio odio, elementum eu, interdum eu, tincidunt in, leo. Maecenas pulvinar lobortis est.', null, '2023-05-18 16:59:34', 'Clim', '2023-05-27 03:26:35', 'Celene');
insert into chat_comment (id, chat_room_id, user_account_user_id, content, parent_comment_id, created_at, created_by, modified_at, modified_by) values (27, 27, 'Mathe', 'Cras non velit nec nisi vulputate nonummy. Maecenas tincidunt lacus at velit. Vivamus vel nulla eget eros elementum pellentesque.', null, '2023-02-07 06:22:16', 'Arda', '2023-03-31 03:40:49', 'Almire');
insert into chat_comment (id, chat_room_id, user_account_user_id, content, parent_comment_id, created_at, created_by, modified_at, modified_by) values (28, 28, 'Dionis', 'Nam dui.', null, '2023-06-01 08:08:59', 'Byran', '2023-05-24 22:49:29', 'Rab');
insert into chat_comment (id, chat_room_id, user_account_user_id, content, parent_comment_id, created_at, created_by, modified_at, modified_by) values (29, 29, 'Marja', 'Integer non velit. Donec diam neque, vestibulum eget, vulputate ut, ultrices vel, augue. Vestibulum ante ipsum primis in faucibus orci luctus et ultrices posuere cubilia Curae; Donec pharetra, magna vestibulum aliquet ultrices, erat tortor sollicitudin mi, sit amet lobortis sapien sapien non mi. Integer ac neque.', null, '2023-11-23 23:10:42', 'Charline', '2023-11-20 12:28:23', 'George');
insert into chat_comment (id, chat_room_id, user_account_user_id, content, parent_comment_id, created_at, created_by, modified_at, modified_by) values (30, 30, 'Florry', 'Aenean fermentum.', null, '2023-03-23 03:06:56', 'Reggi', '2023-08-06 10:06:15', 'Gail');
